country,year,gender,age,nobs_log_inc,std_log_inc,nobs_res_1yr_log_chg,std_res_1yr_log_chg,kurt_res_1yr_log_chg,p1_res_1yr_log_chg,p2_5_res_1yr_log_chg,p5_res_1yr_log_chg,p10_res_1yr_log_chg,p12_5_res_1yr_log_chg,p25_res_1yr_log_chg,p37_5_res_1yr_log_chg,p50_res_1yr_log_chg,p62_5_res_1yr_log_chg,p75_res_1yr_log_chg,p87_5_res_1yr_log_chg,p90_res_1yr_log_chg,p95_res_1yr_log_chg,p97_5_res_1yr_log_chg,p99_res_1yr_log_chg,p99_9_res_1yr_log_chg,p99_99_res_1yr_log_chg,p9010_res_1yr_log_chg,p9050_res_1yr_log_chg,p5010_res_1yr_log_chg,nobs_res_5yr_log_chg,std_res_5yr_log_chg,kurt_res_5yr_log_chg
FRA,1991,Male,25-55,302370.0,0.71199572,273094.0,0.47643459,17.32428,-1.942026,-1.222823,-0.66120201,-0.2076586,-0.1237857,0.0011028,0.0354915,0.056395099,0.078469798,0.1129696,0.2126106,0.2698293,0.5936498,1.023661,1.561056,2.4497781,3.1525109,0.47748792,0.2134342,0.2640537,222436.0,0.59091508,12.56737
FRA,1992,Male,25-55,322639.0,0.70855522,276553.0,0.47208151,16.689739,-1.911406,-1.233071,-0.68679059,-0.2246329,-0.13605841,-0.0000568,0.0395221,0.0615725,0.083133198,0.1167759,0.2125428,0.26623771,0.5792675,0.99879801,1.514889,2.4809401,3.047436,0.49087059,0.20466521,0.28620541,233395.0,0.58811742,12.28108
FRA,1993,Male,25-55,314540.0,0.69906873,234599.0,0.49609721,16.69224,-2.0639839,-1.36763,-0.72872692,-0.1687502,-0.068952501,0.054332301,0.095534399,0.124795,0.1526899,0.18989719,0.27582219,0.3208133,0.59422171,1.002491,1.494109,2.4109421,3.102077,0.48956349,0.19601831,0.29354519,241255.0,0.55532348,13.48396
FRA,1994,Male,25-55,310907.0,0.76664889,243801.0,0.47527391,15.04994,-1.627977,-0.96827698,-0.47787961,-0.1533464,-0.098414503,-0.0031536999,0.0295438,0.049908102,0.070726201,0.1075456,0.26732811,0.37711951,0.85261887,1.319037,1.8307379,2.5469949,3.198256,0.5304659,0.32721141,0.20325451,205362.0,0.58692873,11.30469
FRA,1995,Male,25-55,330586.0,0.71021342,299276.0,0.43719009,18.180031,-1.7212321,-1.082827,-0.57248122,-0.16549291,-0.095659599,0.0112497,0.042770199,0.060598701,0.079166099,0.1107446,0.2128111,0.26950911,0.57964581,0.96642739,1.446892,2.3259211,2.945889,0.43500203,0.20891041,0.22609161,256546.0,0.55114841,12.98736
FRA,1996,Male,25-55,346292.0,0.71734661,304944.0,0.43906969,16.87945,-1.668177,-1.025424,-0.52117258,-0.14481001,-0.077337399,0.0230681,0.049109899,0.066437803,0.086213,0.1226243,0.2449107,0.31659731,0.65809011,1.069362,1.534763,2.381597,2.9008839,0.4614073,0.2501595,0.2112478,254836.0,0.57281673,11.71945
FRA,1997,Male,25-55,336626.0,0.70377028,314059.0,0.42450359,17.86116,-1.621966,-0.97489691,-0.48340029,-0.13063809,-0.073860601,0.0180375,0.044734702,0.061860599,0.081477702,0.1164222,0.2349755,0.30308691,0.63495171,1.017995,1.480991,2.3097961,2.7856381,0.433725,0.24122632,0.19249868,252647.0,0.56689727,11.90465
FRA,1998,Male,25-55,360657.0,0.70969218,323710.0,0.43795601,16.42577,-1.65461,-1.004097,-0.51338702,-0.1475893,-0.083922602,0.0163562,0.046504501,0.064328901,0.085800901,0.1263378,0.2638928,0.33891931,0.68300998,1.078218,1.532411,2.3322129,2.9743481,0.48650861,0.2745904,0.21191821,240399.0,0.6241219,10.78078
FRA,1999,Male,25-55,351904.0,0.69618422,329450.0,0.42662609,17.285601,-1.611545,-0.95749742,-0.47309971,-0.1429,-0.086476199,0.0070214998,0.035987802,0.055872999,0.080299601,0.1241941,0.2583341,0.32806459,0.65396708,1.042665,1.500885,2.2854011,2.8532901,0.47096461,0.27219158,0.198773,253722.0,0.59492308,11.56078
FRA,2000,Male,25-55,375274.0,0.70117909,333391.0,0.4492541,15.6554,-1.7334909,-1.079795,-0.56339782,-0.18058281,-0.1136406,-0.0011721,0.0327386,0.054072998,0.079287499,0.1254618,0.26454541,0.33768371,0.67190218,1.074128,1.546787,2.3599961,2.877672,0.5182665,0.2836107,0.2346558,260811.0,0.5973776,11.39634
FRA,2001,Male,25-55,358106.0,0.68525052,323694.0,0.4561415,16.35722,-1.814384,-1.145292,-0.62299991,-0.2029046,-0.1223915,0.0040352,0.039049301,0.060057901,0.083773002,0.1240403,0.23868319,0.29711571,0.61046159,0.99733192,1.544032,2.2932861,2.9261589,0.50002033,0.23705781,0.26296249,265192.0,0.57221448,12.03809
FRA,2002,Male,25-55,725764.0,0.6896286,602298.0,0.49884301,15.09169,-2.072732,-1.396964,-0.83016318,-0.29816791,-0.1696898,0.0152338,0.050728898,0.0722159,0.095850103,0.1341475,0.2445147,0.30496919,0.62549812,0.95676023,1.45249,2.307616,2.881325,0.60313714,0.23275329,0.3703838,532792.0,0.55894119,12.06957
FRA,2003,Male,25-55,642346.0,0.69782811,585377.0,0.47737351,14.91001,-1.882233,-1.235101,-0.69983232,-0.2500329,-0.1401049,0.00066860003,0.028823201,0.048654702,0.071791701,0.1102002,0.2287145,0.29794741,0.65957338,1.070045,1.553663,2.393481,3.0438221,0.54798031,0.2492927,0.29868761,486128.0,0.57011712,11.36809
FRA,2004,Male,25-55,677048.0,0.69261777,600930.0,0.47857469,15.02587,-1.816587,-1.1658241,-0.65326411,-0.2109203,-0.1188202,0.0046489001,0.031667199,0.051044598,0.074513897,0.1154655,0.25119731,0.33268929,0.71914911,1.152607,1.6292551,2.496551,3.204252,0.54360962,0.2816447,0.26196492,494512.0,0.58688748,10.96659
FRA,2005,Male,25-55,673342.0,0.67949378,625278.0,0.44702381,16.137409,-1.694362,-1.0555069,-0.55681902,-0.1564845,-0.081414603,0.0272821,0.054582801,0.074538,0.097897597,0.1372733,0.26236349,0.33504429,0.67657638,1.091862,1.556626,2.384846,3.0047569,0.49152881,0.2605063,0.23102251,506445.0,0.57710361,11.52983
FRA,2006,Male,25-55,742747.0,0.6841591,675550.0,0.44396651,15.50821,-1.661715,-1.03785,-0.55625939,-0.1779636,-0.1069187,0.0060794,0.0356385,0.055201199,0.079677597,0.1240251,0.26772371,0.34519699,0.68980432,1.092358,1.5349751,2.3111811,2.8830111,0.52316058,0.28999579,0.2331648,541756.0,0.58363491,11.15138
FRA,2007,Male,25-55,741476.0,0.67451268,691292.0,0.43382901,15.78428,-1.687152,-1.068928,-0.59190089,-0.2068314,-0.1246366,0.0032702,0.036378399,0.057533901,0.082495399,0.1253033,0.2476539,0.31127071,0.6127162,0.98371398,1.435029,2.2228191,2.8279231,0.51810211,0.25373682,0.26436529,541049.0,0.57054508,11.54792
FRA,2008,Male,25-55,767092.0,0.67484128,687672.0,0.4559238,15.01811,-1.854427,-1.25317,-0.73598999,-0.27599359,-0.16901749,0.00094100001,0.044542499,0.066927202,0.089840002,0.1261555,0.2255625,0.2772553,0.54527712,0.91294718,1.389133,2.2609291,2.7695971,0.55324888,0.2103281,0.34292078,544635.0,0.57480842,11.46866
FRA,2009,Male,25-55,734714.0,0.68046051,681653.0,0.43814671,15.5991,-1.7179739,-1.10664,-0.60643989,-0.1887567,-0.1043529,0.017536299,0.045449302,0.063779399,0.086905897,0.1257477,0.2387553,0.30180579,0.61485022,1.007028,1.456773,2.2171471,2.81408,0.4905625,0.2380264,0.25253612,538418.0,0.57404822,11.41018
FRA,2010,Male,25-55,754214.0,0.68829119,685225.0,0.4420495,14.89516,-1.69108,-1.076121,-0.59206182,-0.1891087,-0.1080663,0.0111432,0.039057001,0.058174599,0.082512297,0.1249335,0.25891259,0.33406961,0.6762979,1.063616,1.485417,2.2517731,2.764117,0.52317834,0.275895,0.24728329,538897.0,0.58591467,10.75234
FRA,2011,Male,25-55,741679.0,0.68497068,674752.0,0.44172171,15.37808,-1.742185,-1.1379091,-0.63100088,-0.215523,-0.1294641,0.0064766002,0.0400142,0.059604,0.080652699,0.1177504,0.23493209,0.30183169,0.61524719,0.98888302,1.426549,2.1764121,2.732939,0.51735473,0.24222769,0.27512699,551189.0,0.57892293,11.04278
FRA,2012,Male,25-55,737722.0,0.68664539,665719.0,0.44548619,15.11745,-1.747041,-1.1299,-0.62373888,-0.2018571,-0.1139664,0.0127487,0.0415712,0.064147897,0.095293596,0.1480512,0.269887,0.32962939,0.63857007,1.0141211,1.4432451,2.1659851,2.738266,0.53148651,0.2654815,0.26600501,,,
FRA,2013,Male,25-55,717985.0,0.69561589,666073.0,0.4459444,15.18405,-1.745257,-1.126281,-0.62741017,-0.2056392,-0.1159847,0.0159084,0.046552401,0.066658102,0.091325499,0.13406201,0.25702479,0.32372591,0.64998209,1.023542,1.450941,2.1841409,2.720366,0.52936512,0.2570678,0.27229729,,,
FRA,2014,Male,25-55,736026.0,0.70354772,666337.0,0.45212489,14.21246,-1.739913,-1.122812,-0.64051682,-0.21742,-0.1181197,0.0232579,0.054654401,0.073796697,0.097437397,0.13999701,0.27483901,0.35137701,0.69286507,1.063612,1.4721889,2.186094,2.7672169,0.56879699,0.27758032,0.2912167,,,
FRA,2015,Male,25-55,720286.0,0.70816201,667964.0,0.45656759,14.32651,-1.725348,-1.108965,-0.61860949,-0.202237,-0.1134144,0.0166591,0.0460889,0.065244302,0.090583198,0.13710091,0.28976351,0.37673891,0.74241728,1.093769,1.502622,2.2308619,2.769721,0.57897592,0.31149459,0.2674813,,,
FRA,2016,Male,25-55,750980.0,0.71395183,,,,,,,,,,,,,,,,,,,,,,,,,,
GER,2001,Male,25-55,13112940.0,0.74786097,11912000.0,0.40293312,16.499973,-1.5793425,-1.0437745,-0.59536338,-0.2351187,-0.16511169,-0.061740384,-0.028747337,-0.0077322843,0.013211424,0.045316026,0.14380649,0.20083414,0.49662974,0.86859035,1.3575852,2.3328671,2.9119077,0.43595284,0.20856643,0.22738642,9598560.0,0.53976727,11.627967
GER,2002,Male,25-55,12822360.0,0.7622205,11639750.0,0.39919978,16.776758,-1.5744224,-1.0387301,-0.59117287,-0.22668104,-0.15646325,-0.056110412,-0.023723021,-0.002479299,0.017670298,0.046901822,0.13594541,0.18866625,0.47790915,0.85966444,1.3422002,2.3101475,2.7791252,0.41534728,0.19114555,0.22420174,9519170.0,0.53146648,11.594639
GER,2003,Male,25-55,12592980.0,0.77752143,11452570.0,0.39261866,17.327738,-1.5219371,-0.9833644,-0.53888535,-0.19695137,-0.13718013,-0.050240569,-0.018898066,0.00073906156,0.021337984,0.05298442,0.14653498,0.2015522,0.50150496,0.87869239,1.3484095,2.2642934,2.7714968,0.39850357,0.20081313,0.19769044,9443970.0,0.5315243,11.376928
GER,2004,Male,25-55,12419180.0,0.79742134,11260840.0,0.38830802,18.00465,-1.5074403,-0.95794821,-0.52721411,-0.20447741,-0.14906462,-0.064762883,-0.032423515,-0.012954652,0.0071597928,0.038411394,0.13239889,0.18863381,0.48841867,0.8697626,1.3264735,2.2735167,2.7847931,0.39311123,0.20158847,0.19152276,9277680.0,0.54504675,11.126059
GER,2005,Male,25-55,12165100.0,0.80451787,11179110.0,0.38290066,19.506977,-1.3760821,-0.81563276,-0.42310351,-0.16516182,-0.1251087,-0.0526614,-0.024071861,-0.0047713439,0.017475765,0.053296808,0.16313177,0.22847994,0.56274462,0.95441681,1.3950026,2.2850323,2.7753413,0.39364177,0.23325127,0.16039048,9188770.0,0.54137772,11.105964
GER,2006,Male,25-55,12214170.0,0.81000745,11316650.0,0.38245982,18.981018,-1.3163149,-0.76061136,-0.39105105,-0.16279899,-0.12934856,-0.056384437,-0.027847566,-0.0068456116,0.017890468,0.05882439,0.18952215,0.26393607,0.59740114,0.97660637,1.4276419,2.3179381,2.7786448,0.42673504,0.2707817,0.15595338,9290780.0,0.53341204,11.196998
GER,2007,Male,25-55,12372910.0,0.80503488,11446430.0,0.37530386,18.655228,-1.3180835,-0.78231692,-0.41723552,-0.17844741,-0.14102444,-0.062485136,-0.030260006,-0.0073602088,0.016699372,0.054489564,0.17292409,0.240739,0.55991161,0.92424947,1.3728216,2.3040833,2.7690651,0.41918641,0.24809921,0.17108721,9366610.0,0.52637112,11.251986
GER,2008,Male,25-55,12429740.0,0.80197245,11366980.0,0.39003953,17.354662,-1.5064636,-0.98531008,-0.55767155,-0.23619863,-0.17919587,-0.070711397,-0.025672421,0.0019727391,0.026782153,0.05903241,0.15503062,0.20873478,0.48177657,0.84386992,1.293645,2.2529156,2.7585814,0.44493341,0.20676205,0.23817137,9389830.0,0.52188784,11.400301
GER,2009,Male,25-55,12222590.0,0.81366116,11270520.0,0.38123736,18.61532,-1.3771365,-0.82908922,-0.43672144,-0.17499311,-0.13143201,-0.052514929,-0.022959379,-0.0027996276,0.02113306,0.061239231,0.17534672,0.23796694,0.55802035,0.93485242,1.3735183,2.2362695,2.7710023,0.41296005,0.24076657,0.17219348,9238090.0,0.53497565,10.873379
GER,2010,Male,25-55,12274870.0,0.8159126,11378830.0,0.37879649,17.920113,-1.2610995,-0.72996706,-0.37981841,-0.16767564,-0.13380201,-0.057765,-0.027866708,-0.0061977971,0.02051661,0.068050146,0.20606746,0.28243411,0.61889654,0.98488551,1.4241461,2.31744,2.7879486,0.45010975,0.28863192,0.16147785,9252610.0,0.53476924,10.750692
GER,2011,Male,25-55,12464370.0,0.81416965,11502230.0,0.37273699,17.937021,-1.3012748,-0.7678557,-0.40381789,-0.17401591,-0.13677379,-0.05802875,-0.026211822,-0.0031074148,0.023031678,0.063957535,0.18600661,0.25246596,0.56217539,0.93343246,1.3804485,2.3078296,2.8400586,0.42648187,0.25557339,0.1709085,9331750.0,0.53019834,11.007771
GER,2012,Male,25-55,12534610.0,0.81241333,11581730.0,0.37120748,18.081524,-1.3117769,-0.77724773,-0.41285673,-0.16703732,-0.12548369,-0.048650585,-0.017764598,0.0047436492,0.029742239,0.067762256,0.18352149,0.24638914,0.55066431,0.9241038,1.364572,2.2816784,2.8392887,0.41342646,0.24164549,0.17178097,,,
GER,2013,Male,25-55,12638300.0,0.81680346,11665430.0,0.37662774,17.758162,-1.3159515,-0.7795893,-0.4079425,-0.16061322,-0.12008549,-0.043129772,-0.014872403,0.008142272,0.034486052,0.073664218,0.19639029,0.26506919,0.58305478,0.95296907,1.3946179,2.2803113,2.8356457,0.42568243,0.25692692,0.1687555,,,
GER,2014,Male,25-55,12796310.0,0.82435739,11795760.0,0.38462135,16.85557,-1.3013381,-0.76500005,-0.4031848,-0.16334499,-0.12378633,-0.047686413,-0.017769417,0.0060517308,0.03378997,0.076062396,0.21650212,0.29418945,0.63330716,1.0062513,1.4348339,2.3324537,2.8429554,0.45753443,0.28813773,0.16939673,,,
GER,2015,Male,25-55,12958310.0,0.82193273,11928900.0,0.38675448,16.775366,-1.3038386,-0.77242982,-0.40857288,-0.1675556,-0.12711348,-0.049581751,-0.019454014,0.0033600251,0.029526619,0.071233116,0.20996171,0.28721434,0.63475204,1.0149999,1.4551853,2.3492997,2.8232491,0.45476994,0.28385431,0.17091562,,,
GER,2016,Male,25-55,13096250.0,0.82108736,,,,,,,,,,,,,,,,,,,,,,,,,,
USA,1998,Male,25-55,43000000.0,0.9358,39900000.0,0.5662,12.59,-2.011,-1.336,-0.8332,-0.4061,-0.2954,-0.05853,0.01796,0.06301,0.1152,0.2082,0.436,0.5322,0.8759,1.263,1.742,2.782,3.672,0.9383,0.4692,0.4691,32000000.0,0.8038,8.683
USA,1999,Male,25-55,43500000.0,0.9391,40400000.0,0.57,12.62,-2.036,-1.343,-0.8361,-0.4076,-0.2981,-0.065,0.01053,0.05602,0.109,0.2029,0.4314,0.5288,0.877,1.272,1.76,2.809,3.668,0.9364,0.4728,0.4636,32700000.0,0.8062,8.771
USA,2000,Male,25-55,44200000.0,0.9453,40600000.0,0.575,12.57,-2.118,-1.42,-0.9081,-0.4547,-0.3331,-0.07241,0.01871,0.06548,0.1132,0.1952,0.4013,0.4893,0.8247,1.215,1.701,2.763,3.581,0.9439,0.4238,0.5202,32900000.0,0.7967,9.016
USA,2001,Male,25-55,44100000.0,0.9504,40100000.0,0.5908,12.64,-2.252,-1.531,-0.9883,-0.4894,-0.3521,-0.0602,0.03133,0.07479,0.1179,0.1922,0.3867,0.4704,0.8004,1.183,1.672,2.728,3.546,0.9598,0.3956,0.5642,32800000.0,0.7898,9.17
USA,2002,Male,25-55,43400000.0,0.959,39500000.0,0.5935,12.41,-2.234,-1.517,-0.9727,-0.4721,-0.335,-0.05326,0.029,0.06823,0.1113,0.1878,0.3974,0.4898,0.8413,1.238,1.727,2.757,3.546,0.9619,0.4216,0.5403,32400000.0,0.7957,9.016
USA,2003,Male,25-55,42900000.0,0.9692,39500000.0,0.588,12.47,-2.147,-1.429,-0.8965,-0.4225,-0.2988,-0.04753,0.02078,0.06092,0.1084,0.1931,0.4219,0.5243,0.8946,1.305,1.803,2.828,3.606,0.9468,0.4634,0.4834,31900000.0,0.8019,8.664
USA,2004,Male,25-55,48000000.0,0.9705,44200000.0,0.5794,12.71,-2.113,-1.395,-0.8607,-0.4056,-0.289,-0.05402,0.01394,0.05285,0.1004,0.1874,0.4178,0.5186,0.8859,1.292,1.794,2.835,3.616,0.9242,0.4658,0.4584,34600000.0,0.831,8.074
USA,2005,Male,25-55,48200000.0,0.9746,44400000.0,0.5768,12.84,-2.102,-1.385,-0.856,-0.4024,-0.2869,-0.05479,0.01176,0.05175,0.1002,0.188,0.4154,0.5141,0.8742,1.282,1.79,2.846,3.622,0.9165,0.4623,0.4541,34200000.0,0.8145,8.274
USA,2006,Male,25-55,48500000.0,0.981,44600000.0,0.5796,12.93,-2.13,-1.409,-0.88,-0.4174,-0.298,-0.0558,0.01683,0.05703,0.1035,0.1865,0.4052,0.5017,0.8588,1.265,1.778,2.846,3.632,0.9191,0.4447,0.4744,34500000.0,0.8001,8.495
USA,2007,Male,25-55,48600000.0,0.9897,44500000.0,0.584,12.58,-2.17,-1.461,-0.9303,-0.462,-0.3358,-0.07138,0.01199,0.05446,0.09723,0.1716,0.3781,0.4713,0.8301,1.245,1.761,2.845,3.632,0.9333,0.4169,0.5165,34700000.0,0.7868,8.755
USA,2008,Male,25-55,48100000.0,0.9817,43100000.0,0.6191,11.46,-2.409,-1.723,-1.161,-0.5998,-0.4392,-0.08471,0.02745,0.08233,0.1223,0.1811,0.3498,0.4291,0.7609,1.141,1.631,2.709,3.6,1.029,0.3468,0.6822,34600000.0,0.7675,9.0
USA,2009,Male,25-55,46000000.0,0.9908,41500000.0,0.5844,12.26,-2.175,-1.467,-0.9183,-0.4231,-0.2928,-0.04385,0.01953,0.0539,0.09845,0.1788,0.3986,0.5004,0.8788,1.291,1.774,2.754,3.523,0.9235,0.4465,0.477,33600000.0,0.7748,8.652
USA,2010,Male,25-55,45300000.0,0.9831,41400000.0,0.5649,12.48,-2.036,-1.347,-0.8086,-0.3519,-0.2396,-0.02748,0.02788,0.06103,0.1066,0.1908,0.4269,0.5339,0.9134,1.316,1.798,2.758,3.502,0.8858,0.4728,0.413,33300000.0,0.7618,8.889
USA,2011,Male,25-55,45700000.0,0.9844,41900000.0,0.5552,12.81,-2.004,-1.312,-0.7835,-0.3411,-0.2336,-0.02966,0.02685,0.05966,0.1045,0.1886,0.4213,0.5249,0.8922,1.291,1.765,2.734,3.508,0.866,0.4653,0.4008,33000000.0,0.7596,8.976
USA,2012,Male,25-55,46200000.0,0.9834,42500000.0,0.5496,13.04,-1.996,-1.307,-0.7838,-0.3435,-0.2353,-0.02811,0.0299,0.06301,0.1069,0.1873,0.409,0.5078,0.8683,1.264,1.737,2.7,3.432,0.8513,0.4448,0.4065,33400000.0,0.7574,9.136
USA,2013,Male,25-55,46700000.0,0.9821,43100000.0,0.5429,13.19,-1.958,-1.271,-0.7571,-0.3296,-0.2259,-0.03039,0.0228,0.0583,0.1044,0.187,0.4085,0.5072,0.8662,1.258,1.733,2.699,3.449,0.8368,0.4489,0.3879,33800000.0,0.7544,9.205
USA,2014,Male,25-55,47400000.0,0.9817,43800000.0,0.5421,13.35,-1.96,-1.276,-0.764,-0.3392,-0.2358,-0.03552,0.02173,0.05977,0.1066,0.1888,0.4048,0.4994,0.8495,1.238,1.719,2.699,3.482,0.8385,0.4396,0.399,34400000.0,0.7545,9.293
USA,2015,Male,25-55,48100000.0,0.9807,43500000.0,0.5428,13.53,-1.993,-1.303,-0.7865,-0.3546,-0.2487,-0.04387,0.01764,0.05442,0.09966,0.1793,0.387,0.4785,0.8218,1.21,1.697,2.69,3.446,0.8331,0.4241,0.4091,,,
USA,2016,Male,25-55,47600000.0,0.9782,43800000.0,0.5394,13.75,-1.978,-1.282,-0.7662,-0.3428,-0.2391,-0.0398,0.01729,0.05279,0.09867,0.1784,0.3834,0.4744,0.8192,1.21,1.703,2.713,3.469,0.8172,0.4216,0.3956,,,
USA,2017,Male,25-55,48000000.0,0.9775,44200000.0,0.5394,13.87,-1.969,-1.269,-0.756,-0.34,-0.2391,-0.04386,0.01324,0.04957,0.09611,0.1764,0.3835,0.4752,0.8207,1.216,1.72,2.741,3.491,0.8152,0.4256,0.3896,,,
USA,2018,Male,25-55,48400000.0,0.9739,44700000.0,0.5406,14.07,-1.987,-1.282,-0.764,-0.3454,-0.2446,-0.04807,0.01146,0.04803,0.09381,0.1728,0.3764,0.4661,0.8079,1.204,1.712,2.754,3.522,0.8116,0.4181,0.3935,,,
USA,2019,Male,25-55,48700000.0,0.9726,,,,,,,,,,,,,,,,,,,,,,,,,,
